ANIO,MES,CONGLOMERADO,MUESTRA,SELVIV,HOGAR,C201,REGION,ESTRATO,LLAVE_PANEL,C203,C204,C205,C206,C207,C208,C300n,NROINF,C301_DIA,C301_MES,C301_ANIO,C303,C304,C305,C306_1,C306_2,C306_3,C306_4,C306_5,C306_6,C306_7,C306_8,C306_9,C306_10,C306_10A,C306_11,C308_COD,C309_COD,C310,C311,C317,C317A,C318_1,C318_2,C318_3,C318_4,C318_5,C318_6,C318_7,whoraT,C330,C331,P209H,C335,C338,C339_1,C341_T,C342,C344,C345_1,C348,C347_T,C350,C352,C353,C354,C355,C356,C357_I,C358,C359,SEGURO1,C366,C366_1,C366_2,C375_1,C375_2,C375_3,C375_4,C375_5,C375_6,C376,C377,OCUP300,I339_1,D341_T,I342,D344,I345_1,I348,D347_T,D350,INGTOT,INGTOTP,RESIDENT,fa_fma23
2023,02,18538,1,0144,1,2,1,1,202302185381014412,2,1,2, ,2,58,2,2,30,8,1964,1, , , , , , , , , , , , , , ,3334,6810,2, ,1,1,3,2,2,2,2,2,3,30,1, ,1,1, , , ,3000, , ,1500, ,400, , , , , , , ,1,1,10,4, ,2,2,2,2,2,2,10,7,1, , ,3000, , ,1500, ,400,4900,3000,1,528.131917765116
2023,02,18221,1,0113,1,1,1,1,202202182211011311,1,1,2, ,1,63,1,1,15,4,1959,2,1, , , , , , , , , , , , , ,2330,8521,3,2,5,2000,0,0,0,0,0,0,0,58,2,30,2,2,4,2500, , , , ,500, ,200, , , , , , , ,1,1,11,5, ,2,2,2,2,2,2,10,7,1,2500, , , , ,500, ,200,3200,2500,1,264.659952753999
2023,02,17658,1,0007,1,1,1,1,202302176581000711,1,1,2, ,2,33,1,1,13,2,1990,1, , , , , , , , , , , , , , ,5212,4711,3,5,1,5,10,0,0,0,0,12,10,64,1, ,2,2,2,100,184, , , ,800, ,200, , , , , , , ,1,5,5,3, ,2,2,2,2,2,2,10,8,1,433,797, , , ,800, ,200,2230,1230,1,618.185382558873
2023,02,29269,1,0186,1,1,1,1,202302292691018611,1,1,2, ,2,38,1,1,10,1,1985,1, , , , , , , , , , , , , , ,9112,8121,2, ,1,1,0,8,8,0,0,8,0,45,2,45,1,2, , , ,1030, , ,350, ,150, , , , , , , ,1,5,6,5, ,2,2,2,2,2,2,10,1,1, , ,1030, , ,350, ,150,1530,1030,1,1327.85415471823
2023,02,2299901,1,0131,1,7,1,1,20230222999011013113,11,1,2, ,1,34,7,7,1,10,1988,1, , , , , , , , , , , , , , ,9313,4100,3,5,1,5,0,10,10,10,10,10,5,71,1, ,1,1,2,300, , , , ,1000, ,150, , , , , , , ,1,5,6,5, ,2,2,2,2,2,2,10,7,1,1299, , , , ,1000, ,150,2449,1299,1,1355.09235587463
2023,02,1951501,1,0024,1,1,1,1,20230219515011002411,1,1,2, ,2,40,1,1,26,5,1982,1, , , , , , , , , , , , , , ,9629,9609,2, ,1,2,0,2,2,2,2,2,4,46,1, ,1,2, , , ,1300, , ,500, ,120, , , , , , , ,1,6,6,5, ,2,2,2,2,2,2,10,7,1, , ,1160, , ,500, ,120,1780,1160,1,1367.76361403678
2023,02,27695,1,0001,1,5,1,1,202202276951000115,6,1,2, ,2,53,5,5,20,10,1969,1, , , , , , , , , , , , , , ,9112,8121,2, ,1,1,0,0,0,8,0,8,0,24,1, ,1,2, , , ,900, , ,430, ,120, , , , , , , ,1,5,5,3, ,2,2,2,2,2,2,10,7,1, , ,879, , ,430, ,120,1429,879,1,560.880929808248
2023,02,2299901,1,0128,1,1,1,1,20230222999011012811,1,1,2, ,1,40,1,1,10,4,1982,1, , , , , , , , , , , , , , ,4417,6910,3,5,2,30,0,10,9,10,10,9,0,49,1, ,1,2,4,1750, , , , ,35, ,120, , , , , , , ,1,1,8,2, ,2,2,2,2,2,2,10,7,1,1750, , , , ,35, ,120,1905,1750,1,1355.09235587463
2023,02,28474,1,0018,1,1,1,1,202302284741001811,1,1,2, ,2,55,1,1,24,9,1967,1, , , , , , , , , , , , , , ,2411,2220,3,5,2,30,0,8,8,8,8,8,8,56,1, ,1,2,4,4500, , , , ,500, ,100, , , , , , , ,1,1,12,2, ,2,2,2,2,2,2,10,7,1,4500, , , , ,500, ,100,5100,4500,1,1034.82949531617
2023,02,27104,1,0046,1,2,1,1,202302271041004612,2,1,2, ,2,50,2,2,4,3,1972,1, , , , , , , , , , , , , , ,4417,4659,3,5,1,2,0,6,6,6,6,6,0,65,1, ,2,2,3,800, , , , ,700, ,100, , , , , , , ,1,3,11,5, ,2,2,2,2,2,2,10,7,1,1600, , , , ,700, ,100,2400,1600,1,1240.06104303787
2023,02,18318,1,0002,1,1,1,1,202302183181000211,1,1,2, ,2,57,1,1,20,12,1965,1, , , , , , , , , , , , , , ,9111,9700,6, ,1,1,0,0,0,8,0,0,0,26,2,26,2,2,2,60,16, , , ,400, ,100, , , , , , , ,1,1,9,3, ,2,2,2,2,2,2,10,7,1,260,69, , , ,400, ,100,829,329,1,498.660270473707
2023,02,22386,1,0098,1,1,1,1,202211223861009811,1,1,2, ,2,39,1,1,14,12,1983,1, , , , , , , , , , , , , , ,5212,4761,2, ,1,2,6,6,6,6,6,6,6,57,1, ,2,2, , , ,430,15, ,300, ,80, , , , , , , ,1,5,6,5, ,2,2,2,2,2,2,10,7,1, , ,430,15, ,300, ,80,825,445,1,683.881807018388
2023,02,24351,1,0039,1,1,1,1,202108243511003911,1,1,2, ,2,48,1,1,27,9,1974,1, , , , , , , , , , , , , , ,3314,6190,1, ,1,2,0,4,4,4,4,4,4,72,1, ,1,2, , , ,5000, , ,1000, ,70, , , , , , , ,1,1,9,3, ,2,2,2,2,2,2,10,7,1, , ,5000, , ,1000, ,70,6070,5000,1,517.212078151061
2023,02,22441,1,0022,1,2,1,1,202211224411002212,2,1,2, ,2,45,2,2,22,8,1977,1, , , , , , , , , , , , , , ,9411,5630,2, ,1,1,0,8,0,8,8,8,0,48,2,48,2,2, , , ,900,20, ,500, ,60, , , , , , , ,1,5,3, ,4,2,2,2,2,2,2,10,5,1, , ,717,130, ,500, ,60,1407,847,1,517.212078151061
2023,02,29201,1,0019,1,1,1,1,202302292011001911,1,1,2, ,2,55,1,1,5,8,1967,1, , , , , , , , , , , , , , ,9411,5610,2, ,1,1,0,0,0,0,4,6,4,45,2,45,2,2, , , ,180,40, ,150, ,60, , , , , , , ,1,5,6,5, ,2,2,2,2,2,2,1,1,1, , ,16,173, ,150, ,60,399,189,1,1004.24108346674
2023,02,23524,1,0015,1,2,1,1,202202235241001514,2,1,2, ,2,33,2,1,25,5,1989,1, , , , , , , , , , , , , , ,5211,4630,3,5,1,15,0,8,8,8,8,8,5,54,1, ,1,2,2,390, , , , ,390, ,60, , , , , , , ,1,3,8,2, ,2,2,2,2,2,2,10,6,1,1689, , , , ,390, ,60,2139,1689,1,683.881807018388
2023,02,2296302,1,0056,1,3,1,1,20210822963021005613,3,1,2, ,2,30,3,3,26,10,1992,1, , , , , , , , , , , , , , ,2359,8542,1, ,1,3,0,3,3,3,3,3,3,25,1, ,1,2, , , ,1800, , ,150, ,50, , , , , , , ,1,5,8,2, ,2,2,2,2,2,2,10,7,1, , ,1690, , ,150, ,50,1890,1690,1,684.149786043911
2023,02,1928101,1,0041,1,1,1,1,20230219281011004111,1,1,2, ,2,46,1,1,27,12,1976,1, , , , , , , , , , , , , , ,5212,4761,2, ,1,2,5,10,10,10,10,10,11,69,1, ,2,2, , , ,500, , ,150, ,50, , , , , , , ,1,1,6,5, ,2,2,2,2,2,2,1,1,1, , ,900, , ,150, ,50,1100,900,1,1034.42415630212
2023,02,20843,1,0023,1,2,1,1,202108208431002312,2,1,2, ,2,63,2,2,16,8,1959,1, , , , , , , , , , , , , , ,5212,4711,2, ,1,2,9,9,9,9,9,9,13,97,1, ,2,2, , , ,800,400, ,100, ,50, , , , , , , ,1,1,6,5, ,2,2,2,2,2,2,1,7,1, , ,800,400, ,100, ,50,1350,1200,1,517.414747658085
2023,02,2296302,1,0055,1,3,1,1,20210822963021005513,3,1,2, ,2,34,3,3,1,9,1988,1, , , , , , , , , , , , , , ,3122,2220,3,5,4,300,12,8,12,0,12,12,12,74,1, ,2,1,4,1800,132, , , ,50, ,50, , , , , , , ,1,1,11,5, ,2,2,2,2,2,2,10,7,1,1800,572, , , ,50, ,50,2472,2372,1,684.149786043911
2023,02,47331,1,0008,1,1,1,1,202302473311000811,1,1,2, ,2,53,1,1,5,7,1969,1, , , , , , , , , , , , , , ,3221,8730,3,5,1,10,0,8,8,8,8,8,8,96,1, ,2,2,4,1000, , , , ,800, ,50, , , , , , , ,1,6,9,3, ,2,2,2,2,2,2,10,7,1,1000, , , , ,800, ,50,1850,1000,1,1004.24108346674
2023,02,24693,1,0039,1,1,1,1,202108246931003911,1,1,2, ,2,61,1,1,7,8,1961,1, , , , , , , , , , , , , , ,5120,5610,2, ,1,1,0,8,8,8,8,8,8,104,1, ,2,2, , , ,2000,520, ,90, ,40, , , , , , , ,1,1,6,5, ,2,2,2,2,2,2,10,7,1, , ,1678,520, ,90, ,40,2328,2198,1,517.414747658085
2023,02,28474,1,0021,1,1,1,1,202302284741002111,1,1,2, ,2,53,1,1,6,10,1969,1, , , , , , , , , , , , , , ,5213,4781,3,5,1,3,0,6,6,2,6,8,6,92,1, ,2,2,1,30,8, , , ,600, ,40, , , , , , , ,1,5,6,5, ,2,2,2,2,2,2,10,7,1,900,240, , , ,600, ,40,1780,1140,1,1034.82949531617
2023,02,28122,1,0122,1,1,1,1,202211281221012211,1,1,2, ,2,61,1,1,20,6,1961,1, , , , , , , , , , , , , , ,9112,8121,2, ,1,1,0,0,0,0,0,1,0,38,2,38,1,1, , , ,640, , ,160, ,30, , , , , , , ,1,6,6,5, ,2,2,2,2,2,2,1,1,1, , ,615, , ,160, ,30,805,615,1,517.414747658085
2023,02,23258,1,0087,1,2,1,1,202211232581008712,2,1,2, ,2,38,2,2,31,12,1984,1, , , , , , , , , , , , , , ,9541,4799,2, ,1,1,0,2,2,2,2,2,0,54,1, ,2,2, , , ,64, , ,100, ,30, , , , , , , ,1,5,9,3, ,2,2,2,2,2,2,10,7,1, , ,65, , ,100, ,30,195,65,1,663.927077359115
2023,02,2456401,1,0031,1,1,1,1,20221124564011003111,1,1,2, ,2,38,1,1,30,3,1984,1, , , , , , , , , , , , , , ,5311,8690,3,5,2,28,0,5,5,5,5,5,0,42,1, ,2,2,4,720, , , , ,520, ,30, , , , , , , ,1,1,6,5, ,2,2,2,2,2,2,10,7,1,720, , , , ,520, ,30,1270,720,1,683.881807018388
2023,02,18331,1,0084,1,1,1,1,202302183311008411,1,1,2, ,2,68,1,1,14,11,1954,1, , , , , , , , , , , , , , ,7513,1071,2, ,1,2,6,6,6,6,6,6,6,84,1, ,2,2, , , ,600,20, ,600, ,20, , , , , , , ,1,5,4,5, ,2,2,2,2,2,2,10,7,1, , ,667,20, ,600, ,20,1307,687,1,474.147989644317
2023,02,17634,1,0079,1,5,1,1,202302176341007915,3,1,2, ,2,30,5,5,28,4,1992,1, , , , , , , , , , , , , , ,4120,8510,3,5,1,7,0,6,6,6,6,6,0,40,1, ,2,2,2,250, , , , ,400, ,18, , , , , , , ,1,5,6,5, ,2,2,2,2,2,2,10,7,1,1083, , , , ,400, ,18,1501,1083,1,309.092691279436
2023,02,20562,1,0016,1,1,1,1,202202205621001611,1,1,2, ,1,38,1,1,25,7,1984,1, , , , , , , , , , , , , , ,3118,7110,2, ,1,1,0,0,0,0,17,6,0,60,2,60,2,2, , , ,1500, , ,300, ,15, , , , , , , ,1,1,9,3, ,2,2,2,2,2,2,10,7,1, , ,1500, , ,300, ,15,1815,1500,1,756.835657345606
2023,02,1796202,1,0043,1,1,1,1,20221117962021004311,1,1,2, ,1,60,1,1,30,7,1962,1, , , , , , , , , , , , , , ,4417,2310,3,5,3,85,0,8,8,8,8,8,8,60,1, ,1,2,4,3000, , , , ,1000, ,12, , , , , , , ,1,1,8,2, ,2,2,2,2,2,2,10,7,1,3000, , , , ,1000, ,12,4012,3000,1,260.964033547518
2023,02,17524,1,0043,1,3,1,1,202302175241004313,3,1,2, ,2,24,3,3,19,2,1998,1, , , , , , , , , , , , , , ,3411,6910,3,5,1,6,0,8,8,8,8,8,0,49,1, ,2,1,4,2200, , , , ,600, ,12, , , , , , , ,1,2,11,5, ,2,2,2,2,2,2,10,7,1,2200, , , , ,600, ,12,2812,2200,1,641.913237325124
2023,02,1824201,1,0065,1,1,1,1,20210818242011006511,1,1,2, ,2,53,1,1,25,2,1970,1, , , , , , , , , , , , , , ,9535,4782,2, ,1,1,0,4,4,4,4,4,0,29,1, ,1,2, , , ,1200, , ,500, ,10, , , , , , , ,1,5,6,5, ,2,2,2,2,2,2,10,7,1, , ,1200, , ,500, ,10,1710,1200,1,233.088990792193
2023,02,2608502,1,0001,1,2,1,1,20221126085021000112,2,1,2, ,2,44,2,2,20,3,1978,1, , , , , , , , , , , , , , ,9411,5610,2, ,1,2,10,10,10,10,10,10,10,93,1, ,2,2, , , ,600,40, ,200, ,10, , , , , , , ,1,5,9,3, ,2,2,2,2,2,2,10,6,1, , ,600,30, ,200, ,10,840,630,1,684.149786043911
2023,02,17589,1,0049,1,1,1,1,202202175891004911,1,1,2, ,2,44,1,1,22,10,1978,1, , , , , , , , , , , , , , ,9629,8411,3,2,5,1000,0,8,8,8,8,8,8,56,1, ,2,2,4,1040, , , , ,200, ,10, , , , , , , ,1,1,8,2, ,2,2,2,2,2,2,10,7,1,1040, , , , ,200, ,10,1250,1040,1,308.201078344695
2023,02,19726,1,0024,1,1,1,1,202302197261002411,1,1,2, ,2,77,1,1,8,7,1945,1, , , , , , , , , , , , , , ,9112,8121,2, ,1,1,0,0,6,0,0,6,0,17,1, ,2,2, , , ,480, , ,40, ,8, , , , , , , ,1,5,6,5, ,2,2,2,2,2,2,10,7,1, , ,480, , ,40, ,8,528,480,1,1034.82949531617
2023,02,24490,1,0086,1,2,1,1,202302244901008612,3,1,2, ,2,36,2,2,29,4,1986,1, , , , , , , , , , , , , , ,2221,8610,3,2,5,2000,0,12,0,12,0,12,0,54,1, ,1,2,4,2800, , , ,300, ,75, , , , , , , , ,1,1,11,5, ,2,2,2,2,2,2,10,7,1,2800, , , ,300, ,325, ,3425,2800,1,1368.29957208782
2023,02,47498,1,0018,1,1,1,1,202202474981001811,1,1,2, ,2,56,1,1,12,8,1966,1, , , , , , , , , , , , , , ,9111,9700,6, ,1,1,0,8,0,0,8,0,0,37,1, ,2,2,2,100,24, , ,900, ,45, , , , , , , , ,1,1,5,2, ,2,2,2,2,2,2,10,7,1,433,104, , ,900, ,195, ,1632,537,1,502.120541733369
2023,02,23040,1,0110,1,2,1,1,202302230401011012,2,1,2, ,2,32,2,2,18,9,1990,1, , , , , , , , , , , , , , ,9334,4921,3,5,1,2,0,0,0,0,12,12,12,72,1, ,2,2,2,135,39, , ,135, ,39, , , , , , , , ,1,5,5,3, ,2,2,2,2,2,2,10,8,1,585,169, , ,135, ,169, ,1058,754,1,1327.85415471823
2023,02,2980201,1,0019,1,2,1,1,20230229802011001912,2,1,2, ,2,37,2,2,23,8,1985,1, , , , , , , , , , , , , , ,9533,4799,2, ,1,1,4,1,1,1,1,1,1,30,1, ,2,2, , , ,200, ,80, ,30, , , , , , , , ,1,5,6,5, ,2,2,2,2,2,2,10,7,1, , ,235, ,80, ,130, ,445,235,1,1327.85415471823
2023,02,29201,1,0023,1,1,1,1,202302292011002311,1,1,2, ,1,30,1,1,16,4,1992,1, , , , , , , , , , , , , , ,8321,4922,2, ,1,1,0,8,8,8,0,8,0,64,2,64,1,2, , , ,1504, ,500, ,20, , , , , , , , ,1,5,6,5, ,2,2,2,2,2,2,10,7,1, , ,1504, ,500, ,87, ,2091,1504,1,1355.09235587463
2023,02,27695,1,0001,3,2,1,1,202205276951000132,2,1,2, ,2,49,2,2,9,3,1973,1, , , , , , , , , , , , , , ,9111,9700,6, ,1,1,0,10,0,10,0,10,0,50,1, ,1,2,4,800,30, , ,480, ,20, , , , , , , , ,1,1,5,3, ,2,2,2,2,2,2,10,8,1,800,130, , ,480, ,87, ,1497,930,1,560.880929808248
2023,02,26068,1,0083,1,1,1,1,202211260681008311,1,1,2, ,1,41,1,1,30,3,1981,1, , , , , , , , , , , , , , ,3314,7110,1, ,1,6,12,12,12,12,12,12,12,84,1, ,1,2, , , ,30000, , , , , , , , , , , , ,1,1,6,5, ,2,2,2,2,2,2,10,7,1, , ,30000, , , , , ,30000,30000,1,698.183713962241
2023,02,19318,1,0189,1,4,1,1,202202193181018914,3,1,2, ,2,25,4,4,22,3,1997,1, , , , , , , , , , , , , , ,2643,8550,1, ,1,10,0,10,10,10,10,10,10,60,1, ,2,2, , , ,10000, , , , , , , , , , , , ,1,5,11,5, ,2,2,2,2,2,2,10,7,1, , ,10000, , , , , ,10000,10000,1,683.881807018388
2023,02,2951501,1,0040,1,1,1,1,20220229515011004011,1,1,2, ,1,53,1,4,26,6,1969,1, , , , , , , , , , , , , , ,3333,4312,1, ,1,6,0,7,7,7,7,7,7,42,1, ,2,2, , , ,10000, , , , , , , , , , , , ,1,2,6,5, ,2,2,2,2,2,2,1,1,1, , ,10000, , , , , ,10000,10000,1,577.621188575054
2023,02,29469,1,0059,1,1,1,1,202202294691005911,1,1,2, ,1,53,1,1,1,10,1969,1, , , , , , , , , , , , , , ,3334,6820,2, ,1,1,4,5,10,10,12,12,5,58,1, ,1,2, , , ,10000, , , , , , , , , , , , ,1,1,10,1, ,2,2,2,2,2,2,10,7,1, , ,10000, , , , , ,10000,10000,1,692.177346449544
2023,02,2708102,1,0063,1,1,1,1,20230227081021006311,1,1,2, ,1,42,1,1,29,5,1980,1, , , , , , , , , , , , , , ,2212,8620,1, ,1,4,0,8,8,8,8,8,0,40,1, ,2,2, , , ,10000, , , , , , , , , , , , ,2,3,11,7, ,2,2,2,2,2,2,10,7,1, , ,10000, , , , , ,10000,10000,1,756.835657345606
2023,02,2526402,1,0007,1,1,1,1,20230225264021000711,1,1,2, ,1,39,1,1,18,5,1983,1, , , , , , , , , , , , , , ,3314,6202,1, ,1,8,0,8,8,8,8,8,5,45,1, ,2,2, , , ,10000, , , , , , , , , , , , ,1,1,11,5, ,2,2,2,2,2,2,10,8,1, , ,10000, , , , , ,10000,10000,1,1513.67131469121
2023,02,2671402,1,0014,1,1,1,1,20230226714021001411,1,1,2, ,1,57,1,1,15,9,1965,1, , , , , , , , , , , , , , ,3339,9311,2, ,1,1,0,10,10,10,10,10,10,60,1, ,2,2, , , ,10000, , , , , , , , , , , , ,1,1,12,2, ,2,2,2,2,2,2,10,7,1, , ,9900, , , , , ,9900,9900,1,1155.24237715011
2023,02,2711102,1,0052,1,3,1,1,20230227111021005213,4,1,2, ,1,51,3,3,13,11,1971,1, , , , , , , , , , , , , , ,2611,6910,2, ,1,1,0,9,9,9,9,9,2,59,1, ,2,2, , , ,8000, ,2000, , , , , , , , , , ,1,3,12,2, ,2,2,2,2,2,2,10,7,1, , ,8150, ,2000, , , ,10150,8150,1,626.145100794479
2023,02,25943,1,0051,1,1,1,1,202211259431005111,1,1,2, ,2,54,1,1,14,12,1968,1, , , , , , , , , , , , , , ,5211,4630,1, ,1,4,0,10,10,10,10,10,10,60,1, ,1,2, , , ,8000,100, , , , , , , , , , , ,1,5,5,3, ,2,2,2,2,2,2,1,7,1, , ,8000,100, , , , ,8100,8100,1,517.212078151061
2023,02,27083,1,0074,1,1,1,1,202302270831007411,1,1,2, ,1,56,1,1,5,9,1966,1, , , , , , , , , , , , , , ,2132,7490,1, ,1,3,0,6,6,6,6,6,0,30,1, ,2,2, , , ,7000, , , , , , , , , , , , ,1,1,11,5, ,2,2,2,2,2,2,10,7,1, , ,7000, , , , , ,7000,7000,1,1384.35469191243
2023,02,27083,1,0073,1,1,1,1,202302270831007311,1,1,2, ,1,67,1,1,14,1,1956,1, , , , , , , , , , , , , , ,2144,7110,1, ,1,2,0,4,4,4,4,4,4,24,1, ,2,2, , , ,6000, , , , , , , , , , , , ,1,1,11,5, ,2,2,2,2,2,2,10,7,1, , ,6700, , , , , ,6700,6700,1,1384.35469191243
2023,02,2711102,1,0052,1,2,1,1,20230227111021005212,3,1,2, ,2,49,2,2,2,5,1973,1, , , , , , , , , , , , , , ,9533,4649,2, ,1,1,4,3,3,3,3,4,4,24,1, ,1,2, , , ,5000,35, , , , , , , , , , , ,1,3,9,3, ,2,2,2,2,2,2,10,7,1, , ,5950,35, , , , ,5985,5985,1,560.880929808248
2023,02,21190,1,0018,1,2,1,1,202202211901001812,2,1,2, ,2,68,2,4,11,9,1954,1, , , , , , , , , , , , , , ,3314,5610,1, ,1,5,2,8,8,8,8,8,8,50,1, ,2,2, , , ,5000,200, , , , , , , , , , , ,1,5,4,5, ,2,2,2,2,2,2,10,7,1, , ,5484,130, , , , ,5614,5614,1,517.414747658085
2023,02,26614,1,0013,1,1,1,1,202302266141001311,1,1,2, ,2,74,1,2,19,2,1949,1, , , , , , , , , , , , , , ,3314,4771,1, ,1,3,10,10,10,10,10,10,10,70,1, ,2,2, , , , , , , , , , , , , , , , ,1,5,4,5, ,2,2,2,2,2,2,10,9,1, , ,5484, , , , , ,5484,5484,1,1121.7618596165
2023,02,2683601,1,0066,1,1,1,1,20220226836011006611,1,1,2, ,1,42,1,1,13,11,1980,1, , , , , , , , , , , , , , ,3334,6810,2, ,1,2,4,6,6,6,6,6,4,58,1, ,2,2, , , ,5300, , ,3000, , , , , , , , , ,1,1,11,5, ,2,2,2,2,2,2,10,7,1, , ,5300, , ,3000, , ,8300,5300,1,836.650316891687
2023,02,2366201,1,0011,1,1,1,1,20220223662011001111,1,1,2, ,1,37,1,1,26,1,1986,1, , , , , , , , , , , , , , ,2161,7110,1, ,1,10,0,12,12,12,12,12,6,100,1, ,1,2, , , ,5000, ,8000, , , , , , , , , , ,1,3,11,5, ,2,2,2,2,2,2,10,1,1, , ,5000, ,8000, , , ,13000,5000,1,698.183713962241
2023,02,26350,1,0054,1,3,1,1,202302263501005413,3,1,2, ,1,41,3,3,23,10,1981,1, , , , , , , , , , , , , , ,3314,4330,1, ,1,3,0,8,8,8,8,8,0,40,1, ,1,2, , , ,5000, , , , , , , , , , , , ,1,6,8,2, ,2,2,2,2,2,2,10,7,1, , ,5000, , , , , ,5000,5000,1,1673.30063259078
2023,02,17898,1,0026,1,1,1,1,202108178981002615,1,1,2, ,1,39,1,1,20,9,1983,1, , , , , , , , , , , , , , ,2143,7490,2, ,1,1,0,6,6,6,6,6,0,30,1, ,2,2, , , ,5000, , , , , , , , , , , , ,1,2,11,5, ,2,2,2,2,2,2,10,7,1, , ,5000, , , , , ,5000,5000,1,336.43849660313
2023,02,27695,1,0002,1,1,1,1,202205276951000211,1,1,2, ,1,44,1,1,19,2,1978,1, , , , , , , , , , , , , , ,2611,6910,1, ,1,3,0,4,10,10,10,10,10,54,1, ,2,2, , , ,5000, , , , , , , , , , , , ,1,6,11,6, ,2,2,2,2,2,2,10,7,1, , ,5000, , , , , ,5000,5000,1,756.835657345606
2023,02,18275,1,0117,1,1,1,1,202302182751011711,1,1,2, ,1,42,1,1,11,2,1981,1, , , , , , , , , , , , , , ,5211,4669,1, ,1,3,0,10,10,10,10,10,5,55,1, ,1,2, , , ,5000, , , , , , , , , , , , ,1,1,8,2, ,2,2,2,2,2,2,10,7,1, , ,5000, , , , , ,5000,5000,1,639.800867439435
2023,02,2699701,1,0092,1,1,1,1,20220526997011009211,1,1,2, ,1,33,1,1,18,7,1989,1, , , , , , , , , , , , , , ,3314,5610,1, ,1,5,0,7,7,7,7,7,5,52,1, ,2,2, , , ,5000, , , , , , , , , , , , ,1,1,11,5, ,2,2,2,2,2,2,10,7,1, , ,5000, ,8000, , , ,13000,5000,1,836.650316891687
2023,02,27104,1,0046,1,1,1,1,202302271041004611,1,1,2, ,1,56,1,2,29,12,1966,1, , , , , , , , , , , , , , ,3314,4659,1, ,1,3,0,8,8,8,8,8,0,40,1, ,2,2, , , ,5000, , , , , , , , , , , , ,1,1,6,5, ,2,2,2,2,2,2,10,7,1, , ,5000, , , , , ,5000,5000,1,1384.35469191243
2023,02,1920303,1,0020,1,1,1,1,20221119203031002011,1,1,2, ,2,51,1,1,30,4,1971,2,2,2,2,2,1,2,2,2,2,2,2,2,2,2,5120,5610,2, ,1,2,7,7,7,7,7,7,0,42,1, ,2,1, , , ,5000,50, , , , , , , , , , , ,1,5,8,1, ,2,2,2,2,2,2,10,7,1, , ,5000,50, , , , ,5050,5050,1,517.212078151061
2023,02,20843,1,0024,1,1,1,1,202211208431002411,1,1,2, ,1,67,1,1,22,3,1955,1, , , , , , , , , , , , , , ,3314,4752,1, ,1,3,0,10,10,10,10,10,10,60,1, ,2,2, , , ,5000, , , , , , , , , , , , ,1,1,6,5, ,2,2,2,2,2,2,10,7,1, , ,5000, , , , , ,5000,5000,1,577.621188575054
2023,02,26350,1,0056,1,1,1,1,202302263501005611,1,1,2, ,2,52,1,1,25,3,1970,1, , , , , , , , , , , , , , ,3432,1410,1, ,1,4,0,8,8,8,8,8,8,48,1, ,2,2, , , ,5000, , , , , , , , , , , , ,1,1,10,1, ,2,2,2,2,2,2,10,7,1, , ,5000, , , , , ,5000,5000,1,1240.06104303787
2023,02,26456,1,0063,1,2,1,1,202211264561006312,3,1,2, ,2,27,2,2,24,10,1995,1, , , , , , , , , , , , , , ,2642,7020,1, ,1,3,0,9,9,9,9,9,9,54,1, ,1,2, , , ,4000, , , , , , , , , , , , ,1,2,11,5, ,2,2,2,2,2,2,10,7,1, , ,4700, , , , , ,4700,4700,1,741.622788799972
2023,02,17497,1,0077,1,1,1,1,202211174971007711,1,1,2, ,1,30,1,1,2,6,1992,1, , , , , , , , , , , , , , ,2144,4520,1, ,1,6,0,9,8,9,9,8,8,51,1, ,2,2, , , ,4500, , , , , , , , , , , , ,1,1,11,5, ,2,2,2,2,2,2,10,7,1, , ,4500, , , , , ,4500,4500,1,336.43849660313
2023,02,17946,1,0130,1,1,1,1,202108179461013011,1,1,2, ,1,54,1,2,7,11,1968,1, , , , , , , , , , , , , , ,7111,4100,1, ,1,3,0,8,8,8,8,8,8,48,1, ,2,2, , , ,4500, , , , , , , , , , , , ,1,5,6,5, ,2,2,2,2,2,2,10,5,1, , ,4463, , , , , ,4463,4463,1,260.211253186228
2023,02,27403,1,0088,1,1,1,1,202211274031008811,1,1,2, ,1,63,1,1,23,8,1959,1, , , , , , , , , , , , , , ,2144,7110,2, ,1,1,0,3,3,3,3,3,0,60,2,60,1,2, , , ,4500, , , , , , , , , , , , ,1,2,11,5, ,2,2,2,2,2,2,10,6,1, , ,4250, , , , , ,4250,4250,1,626.145100794479
2023,02,20689,1,0067,1,1,1,1,202108206891006711,1,1,2, ,1,51,1,1,2,10,1971,1, , , , , , , , , , , , , , ,2611,6910,2, ,1,1,4,8,0,8,0,0,0,48,2,48,2,2, , , ,4500, , , , , , , , , , , , ,1,1,12,2, ,2,2,2,2,2,2,10,7,1, , ,4150, , , , , ,4150,4150,1,626.145100794479
2023,02,27035,1,0003,1,2,1,1,202211270351000312,2,1,2, ,2,48,2,2,23,3,1974,1, , , , , , , , , , , , , , ,2251,8620,2, ,1,1,0,4,4,0,0,4,0,16,2,16,2,2, , , ,4000, , , , , , , , , , , , ,1,3,11,5, ,2,2,2,2,2,2,10,7,1, , ,4000, , , , , ,4000,4000,1,620.030521960844
2023,02,25539,1,0045,1,1,1,1,202302255391004511,1,1,2, ,2,41,1,1,21,7,1981,1, , , , , , , , , , , , , , ,2611,6910,2, ,1,1,0,8,8,8,8,8,0,40,1, ,2,2, , , ,4000, , , , , , , , , , , , ,1,6,11,6, ,2,2,2,2,2,2,10,7,1, , ,4000, , , , , ,4000,4000,1,1639.66624669225
2023,02,26064,1,0032,1,1,1,1,202211260641003211,1,1,2, ,1,52,1,1,31,8,1970,1, , , , , , , , , , , , , , ,3332,9329,2, ,1,1,12,0,0,0,10,12,12,46,1, ,1,2, , , ,4500, , , , , , , , , , , , ,1,5,8,2, ,2,2,2,2,2,2,10,7,1, , ,4000, , , , , ,4000,4000,1,626.145100794479
2023,02,17311,1,0094,1,1,1,1,202108173111009411,1,1,2, ,1,60,1,1,10,2,1962,1, , , , , , , , , , , , , , ,7355,1392,2, ,1,5,8,12,12,12,12,12,12,80,1, ,2,2, , , ,3976, , , , , , , , , , , , ,1,1,10,1, ,2,2,2,2,2,2,1,7,1, , ,3976, , , , , ,3976,3976,1,260.964033547518
2023,02,2983101,1,0033,1,1,1,1,20230229831011003311,1,1,2, ,1,77,1,2,12,7,1945,1, , , , , , , , , , , , , , ,2611,6910,2, ,1,1,0,3,3,3,3,3,3,18,1, ,1,2, , , ,4000, , , , , , , , , , , , ,1,3,12,2, ,2,2,2,2,2,2,10,7,1, , ,3900, , , , , ,3900,3900,1,1154.78987284069
2023,02,17623,1,0042,1,1,1,1,202211176231004211,1,1,2, ,1,54,1,1,25,8,1968,1, , , , , , , , , , , , , , ,7513,1073,2, ,1,1,12,12,12,12,12,12,12,84,1, ,1,2, , , ,3800, , , , , , , , , , , , ,1,5,10,3, ,2,2,2,2,2,2,10,1,1, , ,3830, , , , , ,3830,3830,1,260.964033547518
2023,02,26456,1,0063,1,1,1,1,202211264561006311,1,1,2, ,2,55,1,2,9,11,1967,1, , , , , , , , , , , , , , ,3334,6810,2, ,1,1,8,8,8,8,8,8,8,56,1, ,2,2, , , ,4000, , , , , , , , , , , , ,1,2,9,3, ,2,2,2,2,2,2,10,7,1, , ,3800, , , , , ,3800,3800,1,560.880929808248
2023,02,46917,1,0040,1,1,1,1,202302469171004011,1,1,2, ,1,51,1,1,10,5,1971,1, , , , , , , , , , , , , , ,2611,6910,2, ,1,1,0,6,6,4,6,8,5,35,1, ,2,2, , , ,4000, , , , , , , , , , , , ,1,5,11,5, ,2,2,2,2,2,2,10,1,1, , ,3800, , , , , ,3800,3800,1,1121.09469409882
2023,02,28863,1,0133,1,2,1,1,202202288631013312,2,1,2, ,1,34,2,1,5,6,1988,1, , , , , , , , , , , , , , ,8331,4921,2, ,1,1,0,12,12,12,12,12,12,72,1, ,2,2, , , ,3600, , , , , , , , , , , , ,1,6,6,5, ,2,2,2,2,2,2,10,9,1, , ,3600, , , , , ,3600,3600,1,697.910237897321
2023,02,19982,1,0076,1,5,1,1,202302199821007615,11,1,2, ,1,24,5,5,18,3,1998,1, , , , , , , , , , , , , , ,3432,9602,2, ,1,2,0,8,8,8,8,8,8,80,1, ,1,2, , , ,3500, , ,1000, , , , , , , , , ,1,5,5,4, ,2,2,2,2,2,2,10,7,1, , ,3500, , ,1000, , ,4500,3500,1,1433.30362414519
2023,02,22495,1,0062,1,1,1,1,202302224951006211,1,1,2, ,1,38,1,1,15,1,1985,1, , , , , , , , , , , , , , ,3112,7110,2, ,1,1,0,8,8,0,0,0,0,50,2,50,1,1, , , ,3500, , , , , , , , , , , , ,1,6,10,2, ,2,2,2,2,2,2,10,7,1, , ,3500, , , , , ,3500,3500,1,1513.67131469121
2023,02,25549,1,0044,1,1,1,1,202202255491004411,1,1,2, ,1,36,1,2,13,3,1986,1, , , , , , , , , , , , , , ,2411,6920,2, ,1,3,0,8,8,8,8,8,0,40,1, ,2,2, , , ,3500, , , , , , , , , , , , ,1,1,12,2, ,2,2,2,2,2,2,10,7,1, , ,3500, , , , , ,3500,3500,1,756.835657345606
2023,02,2534601,1,0040,1,1,1,1,20220225346011004011,1,1,2, ,1,46,1,1,22,9,1976,1, , , , , , , , , , , , , , ,3314,9329,2, ,1,5,0,0,0,0,12,12,12,36,1, ,2,2, , , ,3500, , , , , , , , , , , , ,1,5,11,5, ,2,2,2,2,2,2,10,7,1, , ,3500, , , , , ,3500,3500,1,577.621188575054
2023,02,26272,1,0060,1,4,1,1,202211262721006013,5,1,2, ,1,33,4,4,16,6,1989,1, , , , , , , , , , , , , , ,9629,8299,2, ,1,1,0,6,6,5,4,5,4,50,2,50,1,2, , , ,3500, ,1500, , , , , , , , , , ,1,5,11,5, ,2,2,2,2,2,2,10,7,1, , ,3480, ,1500, , , ,4980,3480,1,836.650316891687
2023,02,28474,1,0019,2,1,1,1,202302284741001921,1,1,2, ,1,66,1,1,20,7,1956,1, , , , , , , , , , , , , , ,7111,4100,1, ,1,2,0,8,8,8,8,8,6,57,1, ,1,2, , , ,3300, , ,750, , , , , , , , , ,1,5,6,5, ,2,2,2,2,2,2,10,7,1, , ,3360, , ,750, , ,4110,3360,1,1155.24237715011
2023,02,49863,1,0009,1,2,1,1,202108498631000912,2,1,2, ,1,34,2,2,1,3,1988,1, , , , , , , , , , , , , , ,3314,4630,1, ,1,4,10,8,8,8,8,8,10,60,1, ,1,2, , , ,3000, , , , , , , , , , , , ,1,5,6,5, ,2,2,2,2,2,2,1,1,1, , ,3300, , , , , ,3300,3300,1,677.546177937315
2023,02,1861202,1,0026,1,2,1,1,20210818612021002612,3,1,2, ,1,39,2,2,28,8,1983,1, , , , , , , , , , , , , , ,6222,311,2, ,1,1,8,0,8,0,0,0,0,48,2,48,2,2, , , ,3500,200, , , , , , , , , , , ,1,5,5,1, ,2,2,2,2,2,2,10,5,1, , ,3264,200, , , , ,3464,3464,1,677.546177937315
2023,02,21339,1,0077,1,1,1,1,202108213391007711,1,1,2, ,1,66,1,1,25,10,1956,1, , , , , , , , , , , , , , ,8331,4922,2, ,1,1,10,0,0,0,0,10,10,30,1, ,1,2, , , ,3247, , , , , , , , , , , , ,1,6,6,5, ,2,2,2,2,2,2,10,7,1, , ,3247, , , , , ,3247,3247,1,577.621188575054
2023,02,19470,1,0020,1,2,1,1,202202194701002012,2,1,2, ,2,55,2,2,24,5,1967,1, , , , , , , , , , , , , , ,5212,4711,2, ,1,3,9,9,9,9,9,9,9,63,1, ,2,2, , , ,3245,600, , , , , , , , , , , ,1,5,3,1, ,2,2,2,2,2,2,1,1,1, , ,3245,600, , , , ,3845,3845,1,517.414747658085
2023,02,2671402,1,0012,1,3,1,1,20230226714021001213,3,1,2, ,2,34,3,3,9,7,1988,1, , , , , , , , , , , , , , ,5120,5629,1, ,1,3,0,10,10,10,10,10,10,60,1, ,1,2, , , ,3100,50, , , , , , , , , , , ,1,2,11,5, ,2,2,2,2,2,2,10,6,1, , ,3129,50, , , , ,3179,3179,1,1368.29957208782
2023,02,28122,1,0123,1,2,1,1,202211281221012312,2,1,2, ,1,30,2,2,6,5,1992,1, , , , , , , , , , , , , , ,9621,4923,2, ,1,1,13,12,0,0,12,12,12,80,2,80,2,2, , , ,3100, , , , , , , , , , , , ,1,6,6,5, ,2,2,2,2,2,2,10,7,1, , ,3125, , , , , ,3125,3125,1,698.183713962241
2023,02,1807501,1,0019,1,2,1,1,20221118075011001912,2,1,2, ,2,54,2,2,20,3,1968,1, , , , , , , , , , , , , , ,3314,8522,2, ,1,2,0,11,11,11,11,11,11,66,1, ,1,2, , , ,3000, , , , , , , , , , , , ,1,1,11,5, ,2,2,2,2,2,2,10,7,1, , ,3070, , , , , ,3070,3070,1,233.088990792193
2023,02,23258,1,0085,1,2,1,1,202302232581008512,2,1,2, ,1,37,2,2,11,6,1985,1, , , , , , , , , , , , , , ,8331,4921,2, ,1,2,9,9,9,9,9,9,9,63,1, ,1,2, , , ,3031, , , , , , , , , , , , ,1,6,6,5, ,2,2,2,2,2,2,10,7,1, , ,3000, , , , , ,3000,3000,1,677.546177937315
2023,02,2951501,1,0040,1,2,1,1,20220229515011004012,2,1,2, ,2,53,2,2,1,9,1969,1, , , , , , , , , , , , , , ,5212,4752,1, ,1,3,0,8,8,8,8,8,8,48,1, ,2,2, , , ,3000, , , , , , , , , , , , ,1,1,9,3, ,2,2,2,2,2,2,1,1,1, , ,3000, , , , , ,3000,3000,1,517.414747658085
2023,02,47781,1,0064,1,2,1,1,202202477811006412,2,1,2, ,1,47,2,1,9,4,1975,1, , , , , , , , , , , , , , ,5243,4791,2, ,1,1,0,9,9,9,9,9,6,51,1, ,2,2, , , ,3000, , , , , , , , , , , , ,1,5,6,5, ,2,2,2,2,2,2,10,7,1, , ,3000, , , , , ,3000,3000,1,626.145100794479
2023,02,20426,1,0024,1,1,1,1,202302204261002411,1,1,2, ,1,34,1,1,2,1,1989,1, , , , , , , , , , , , , , ,7111,4100,1, ,1,12,0,10,10,10,12,10,10,62,1, ,1,2, , , ,3000, , , , , , , , , , , , ,1,6,6,5, ,2,2,2,2,2,2,1,1,1, , ,3000, , , , , ,3000,3000,1,1396.36742792448
2023,02,25922,1,0073,1,1,1,1,202202259221007311,1,1,2, ,1,37,1,1,26,12,1985,1, , , , , , , , , , , , , , ,3314,1410,1, ,1,5,0,6,6,6,6,6,6,36,1, ,1,2, , , ,3200,200, , , , , , , , , , , ,1,5,10,3, ,2,2,2,2,2,2,10,8,1, , ,3000,200, , , , ,3200,3200,1,697.910237897321
2023,02,17916,1,0093,1,3,1,1,202302179161009313,3,1,2, ,2,51,3,3,13,6,1971,1, , , , , , , , , , , , , , ,9121,9601,1, ,1,2,0,11,11,11,11,11,11,66,1, ,2,2, , , ,3000, , , , , , , , , , , , ,1,1,8,2, ,2,2,2,2,2,2,10,6,1, , ,2950, , , , , ,2950,2950,1,528.131917765116
2023,02,29431,1,0076,1,2,1,1,202302294311007612,2,1,2, ,2,41,2,2,11,10,1981,2,2,2,2,1,2,2,2,2,2,2,2,2,2,2,2611,6910,2, ,1,1,0,2,3,2,2,3,0,22,1, ,2,1, , , ,2500, , ,1000, , , , , , , , , ,1,5,11,6, ,2,2,2,2,2,2,10,7,1, , ,2920, , ,1000, , ,3920,2920,1,1639.66624669225
2023,02,4748402,1,0025,1,1,1,1,20210847484021002511,1,1,2, ,1,50,1,1,11,11,1972,1, , , , , , , , , , , , , , ,5211,4620,2, ,1,1,7,10,10,10,10,10,10,67,1, ,1,2, , , ,2500,15, , , , , , , , , , , ,1,5,6,5, ,2,2,2,2,2,2,1,7,1, , ,2850,15, , , , ,2865,2865,1,560.547347049408
2023,02,23880,1,0152,1,1,1,1,202108238801015211,1,1,2, ,1,42,1,1,31,8,1980,1, , , , , , , , , , , , , , ,8322,4922,2, ,1,1,12,12,12,12,12,12,12,84,1, ,1,2, , , ,2728, , , , , , , , , , , , ,1,5,6,5, ,2,2,2,2,2,2,10,7,1, , ,2845, , , , , ,2845,2845,1,698.183713962241
2023,02,27403,1,0087,1,4,1,1,202211274031008714,8,1,2, ,1,38,4,4,8,4,1984,1, , , , , , , , , , , , , , ,3432,7410,2, ,1,1,0,0,8,8,8,0,0,30,2,30,2,2, , , ,3000, , , , , , , , , , , , ,1,2,9,3, ,2,2,2,2,2,2,10,7,1, , ,2820, , , , , ,2820,2820,1,756.835657345606
2023,02,19526,1,0069,1,2,1,1,202202195261006912,2,1,2, ,2,68,2,2,30,12,1954,1, , , , , , , , , , , , , , ,9411,5610,2, ,1,1,3,0,0,0,0,0,8,11,1, ,1,2, , , ,2810,15, , , , , , , , , , , ,1,4,5,1, ,2,2,2,2,2,2,10,7,1, , ,2810,15, , , , ,2825,2825,1,517.414747658085
2023,02,2730702,1,0075,1,1,1,1,20221127307021007511,1,1,2, ,2,27,1,1,31,3,1995,1, , , , , , , , , , , , , , ,3432,7410,2, ,1,2,11,11,11,11,11,11,11,77,1, ,1,2, , , ,3000, , , , , , , , , , , , ,1,5,6,5, ,2,2,2,2,2,2,10,7,1, , ,2800, , , , , ,2800,2800,1,684.149786043911
2023,02,25224,1,0030,1,2,1,1,202302252241003012,2,1,2, ,1,57,2,3,16,11,1965,1, , , , , , , , , , , , , , ,8322,4922,2, ,1,1,10,10,10,10,10,10,0,60,1, ,2,2, , , ,2800, , , , , , , , , , , , ,1,4,6,5, ,2,2,2,2,2,2,10,7,1, , ,2700, , , , , ,2700,2700,1,1155.24237715011
2023,02,21677,1,0076,1,2,1,1,202211216771007612,3,1,2, ,2,31,2,2,30,7,1991,1, , , , , , , , , , , , , , ,2421,7020,2, ,1,1,5,10,10,10,10,10,5,60,1, ,2,1, , , ,2690, , , , , , , , , , , , ,1,5,11,5, ,2,2,2,2,2,2,10,7,1, , ,2690, , , , , ,2690,2690,1,741.622788799972
2023,02,21136,1,0114,1,1,1,1,202302211361011411,1,1,2, ,1,40,1,1,27,4,1982,1, , , , , , , , , , , , , , ,7123,4330,2, ,1,1,0,6,6,6,6,6,0,30,1, ,1,2, , , ,2687, , , , , , , , , , , , ,1,5,8,1, ,2,2,2,2,2,2,10,7,1, , ,2687, , , , , ,2687,2687,1,1396.36742792448
2023,02,2730702,1,0071,1,1,1,1,20221127307021007111,1,1,2, ,1,31,1,1,30,11,1991,1, , , , , , , , , , , , , , ,8322,4922,2, ,1,1,12,12,12,12,12,12,12,87,1, ,1,2, , , ,2680, , ,300, , , , , , , , , ,1,1,11,5, ,2,2,2,2,2,2,10,7,1, , ,2680, , ,300, , ,2980,2680,1,698.183713962241
2023,02,20635,1,0020,1,1,1,1,202202206351002011,1,1,2, ,2,47,1,1,26,4,1975,1, , , , , , , , , , , , , , ,5211,4620,1, ,1,3,0,16,16,16,16,16,16,96,1, ,1,1, , , ,2600, , , , , , , , , , , , ,1,5,11,5, ,2,2,2,2,2,2,10,7,1, , ,2675, , , , , ,2675,2675,1,517.414747658085
2023,02,1819202,1,0084,1,2,1,1,20220218192021008412,2,1,2, ,2,28,2,2,25,10,1994,1, , , , , , , , , , , , , , ,5120,5610,1, ,1,3,9,9,9,9,9,9,9,63,1, ,2,1, , , ,2666,454, , , , , , , , , , , ,1,5,6,5, ,2,2,2,2,2,2,10,7,1, , ,2666,600, , , , ,3266,3266,1,308.201078344695
2023,02,27497,1,0025,1,2,1,1,202202274971002512,2,1,2, ,2,41,2,2,15,12,1981,1, , , , , , , , , , , , , , ,3332,9329,1, ,1,2,0,2,2,2,2,2,5,15,1, ,1,2, , , ,2650, , , , , , , , , , , , ,1,3,11,5, ,2,2,2,2,2,2,10,7,1, , ,2650, , , , , ,2650,2650,1,741.622788799972
2023,02,21047,1,0121,1,1,1,1,202211210471012111,1,1,2, ,1,51,1,1,3,5,1971,1, , , , , , , , , , , , , , ,7352,1410,1, ,1,2,10,10,10,10,10,10,10,91,1, ,2,2, , , ,2500, , ,500, , , , , , , , , ,1,6,6,5, ,2,2,2,2,2,2,10,7,1, , ,2635, , ,500, , ,3135,2635,1,626.145100794479
2023,02,17656,1,0037,1,1,1,1,202211176561003711,1,1,2, ,1,39,1,1,30,10,1983,1, , , , , , , , , , , , , , ,8332,4923,2, ,1,1,12,0,0,12,12,12,12,80,2,80,1,2, , , ,2631, , , , , , , , , , , , ,1,5,5,2, ,2,2,2,2,2,2,10,7,1, , ,2631, , , , , ,2631,2631,1,315.433093100771
2023,02,28591,1,0132,1,1,1,1,202211285911013211,1,1,2, ,1,35,1,1,17,1,1988,1, , , , , , , , , , , , , , ,8322,4922,2, ,1,1,0,8,8,8,8,8,8,48,1, ,1,2, , , ,2500, , , , , , , , , , , , ,1,5,8,2, ,2,2,2,2,2,2,10,7,1, , ,2600, , , , , ,2600,2600,1,697.910237897321
2023,02,24658,1,0054,1,1,1,1,202302246581005411,1,1,2, ,1,53,1,1,18,1,1970,1, , , , , , , , , , , , , , ,7111,4100,1, ,1,4,0,8,8,8,8,8,6,46,1, ,2,2, , , ,2800, , , , , , , , , , , , ,1,5,6,5, ,2,2,2,2,2,2,10,7,1, , ,2600, , , , , ,2600,2600,1,1121.09469409882
2023,02,2327502,1,0031,1,1,1,1,20220523275021003111,1,1,2, ,1,55,1,1,19,8,1967,1, , , , , , , , , , , , , , ,8332,4923,1, ,1,2,0,4,4,0,0,0,0,20,2,20,1,2, , , ,2560, , , , , , , , , , , , ,1,6,6,5, ,2,2,2,2,2,2,10,1,1, , ,2560, , , , , ,2560,2560,1,560.547347049408
2023,02,2534601,1,0041,1,1,1,1,20230225346011004111,1,1,2, ,1,39,1,1,23,1,1984,1, , , , , , , , , , , , , , ,9537,4789,2, ,1,1,14,14,14,14,14,14,14,98,1, ,2,1, , , ,2500,50, , , , , , , , , , , ,1,6,6,5, ,2,2,2,2,2,2,10,6,1, , ,2550,50, , , , ,2600,2600,1,698.183713962241
2023,02,26276,1,0057,1,1,1,1,202211262761005711,1,1,2, ,1,49,1,1,7,12,1973,1, , , , , , , , , , , , , , ,8322,4922,2, ,1,1,12,12,12,12,12,12,12,84,1, ,2,2, , , ,3000, , , , , , , , , , , , ,1,1,11,5, ,2,2,2,2,2,2,10,7,1, , ,2536, , , , , ,2536,2536,1,692.177346449544
2023,02,27666,1,0157,1,1,1,1,202108276661015712,1,1,2, ,1,43,1,1,5,7,1979,1, , , , , , , , , , , , , , ,7322,3100,1, ,1,2,0,8,8,8,8,0,0,45,2,45,1,2, , , ,2500, , , , , , , , , , , , ,1,5,6,5, ,2,2,2,2,2,2,10,7,1, , ,2520, , , , , ,2520,2520,1,836.650316891687
2023,02,22475,1,0049,1,6,1,1,202211224751004916,3,1,2, ,1,32,6,6,20,11,1990,1, , , , , , , , , , , , , , ,7111,4100,1, ,1,3,4,8,8,8,2,2,0,45,2,45,1,2, , , ,2500, , , , , , , , , , , , ,1,1,8,2, ,2,2,2,2,2,2,10,1,1, , ,2500, , , , , ,2500,2500,1,698.183713962241
2023,02,20396,1,0035,1,4,1,1,202302203961003513,3,1,2, ,2,37,4,4,29,9,1985,1, , , , , , , , , , , , , , ,2251,8620,2, ,1,2,0,8,8,8,8,8,8,48,1, ,2,2, , , ,2500, , , , , , , , , , , , ,1,6,11,5, ,2,2,2,2,2,2,10,7,1, , ,2500, , , , , ,2500,2500,1,1483.24557759994
2023,02,18221,1,0113,1,3,1,1,202202182211011313,8,1,2, ,1,34,3,3,25,4,1988,1, , , , , , , , , , , , , , ,2259,7020,1, ,1,5,6,6,6,6,6,6,6,42,1, ,2,1, , , ,2500, , , , , , , , , , , , ,1,1,12,2, ,2,2,2,2,2,2,10,7,1, , ,2500, , , , , ,2500,2500,1,319.900433719718
2023,02,20396,1,0035,1,3,1,1,202302203961003514,3,1,2, ,1,34,3,3,12,1,1989,1, , , , , , , , , , , , , , ,2251,8620,2, ,1,2,3,5,5,5,5,5,5,33,1, ,2,2, , , ,2500, , , , , , , , , , , , ,1,6,11,5, ,2,2,2,2,2,2,10,7,1, , ,2500, , , , , ,2500,2500,1,1513.67131469121
2023,02,23706,1,0091,1,1,1,1,202302237061009111,1,1,2, ,1,41,1,1,25,3,1981,1, , , , , , , , , , , , , , ,8332,4923,2, ,1,1,0,10,10,10,10,10,10,60,1, ,2,2, , , ,2500, , , , , , , , , , , , ,1,6,6,5, ,2,2,2,2,2,2,1,1,1, , ,2500, , , , , ,2500,2500,1,1396.36742792448
2023,02,19856,1,0008,2,1,1,1,202302198561000821,1,1,2, ,1,27,1,1,6,8,1995,1, , , , , , , , , , , , , , ,3317,7310,1, ,1,4,0,6,6,10,6,6,6,40,1, ,2,2, , , ,2500, , , , , , , , , , , , ,1,5,9,3, ,2,2,2,2,2,2,10,7,1, , ,2500, , , , , ,2500,2500,1,1396.36742792448
2023,02,18267,1,0089,1,1,1,1,202108182671008911,1,1,2, ,1,64,1,1,30,7,1958,1, , , , , , , , , , , , , , ,2611,6910,2, ,1,1,0,9,9,9,9,9,0,45,1, ,2,2, , , ,2500, , , , , , , , , , , , ,1,5,11,6, ,2,2,2,2,2,2,10,7,1, , ,2500, , , , , ,2500,2500,1,264.659952753999
2023,02,1965001,1,0090,1,1,1,1,20210819650011009011,1,1,2, ,1,51,1,1,18,9,1971,1, , , , , , , , , , , , , , ,3314,1071,1, ,1,13,12,12,12,12,12,12,12,84,1, ,2,2, , , ,2500,400, , , , , , , , , , , ,1,1,6,5, ,2,2,2,2,2,2,10,7,1, , ,2500,400, , , , ,2900,2900,1,577.621188575054
2023,02,21190,1,0021,1,1,1,1,202202211901002111,1,1,2, ,1,41,1,1,20,7,1981,1, , , , , , , , , , , , , , ,8322,4922,2, ,1,1,0,9,9,9,9,11,11,58,1, ,2,2, , , ,2500, , , , , , , , , , , , ,1,5,6,5, ,2,2,2,2,2,2,10,7,1, , ,2500, , , , , ,2500,2500,1,698.183713962241
2023,02,25505,1,0052,1,1,1,1,202108255051005211,1,1,2, ,1,46,1,1,12,6,1976,1, , , , , , , , , , , , , , ,5212,4752,1, ,1,2,0,12,12,12,12,12,12,72,1, ,2,2, , , ,2500, , , , , , , , , , , , ,1,1,11,5, ,2,2,2,2,2,2,10,7,1, , ,2500, , , , , ,2500,2500,1,626.145100794479
2023,02,18331,1,0085,1,1,1,1,202302183311008511,1,1,2, ,1,58,1,1,7,5,1964,1, , , , , , , , , , , , , , ,8322,4923,1, ,1,2,0,0,0,0,5,5,0,10,1, ,2,2, , , ,2500, , , , , , , , , , , , ,1,6,6,5, ,2,2,2,2,2,2,10,7,1, , ,2500, , , , , ,2500,2500,1,529.319905507999
2023,02,1737003,1,0040,1,1,1,1,20221117370031004011,1,1,2, ,1,32,1,1,6,6,1990,1, , , , , , , , , , , , , , ,7234,3312,2, ,1,2,0,8,8,8,8,8,0,40,1, ,1,1, , , ,2500, , , , , , , , , , , , ,1,5,8,2, ,2,2,2,2,2,2,10,7,1, , ,2500, , , , , ,2500,2500,1,315.433093100771
2023,02,17419,1,0059,1,1,1,1,202302174191005911,1,1,2, ,1,38,1,1,10,6,1984,1, , , , , , , , , , , , , , ,8322,4922,2, ,1,1,12,12,12,12,12,12,12,84,1, ,2,2, , , ,2500, , , , , , , , , , , , ,1,5,5,2, ,2,2,2,2,2,2,10,7,1, , ,2500, , , , , ,2500,2500,1,630.866186201542
2023,02,18296,1,0090,1,1,1,1,202108182961009011,1,1,2, ,1,57,1,1,4,9,1965,1, , , , , , , , , , , , , , ,9629,8299,2, ,1,1,0,6,0,0,0,7,7,40,2,40,2,2, , , ,2500, , , , , , , , , , , , ,1,1,8,1, ,2,2,2,2,2,2,10,7,1, , ,2500, , , , , ,2500,2500,1,264.659952753999
2023,02,21307,1,0030,1,1,1,1,202108213071003011,1,1,2, ,1,57,1,2,7,8,1965,1, , , , , , , , , , , , , , ,7111,4100,1, ,1,3,0,8,8,8,8,8,5,45,1, ,2,2, , , ,2500, , , , , , , , , , , , ,1,5,6,5, ,2,2,2,2,2,2,10,7,1, , ,2500, , , , , ,2500,2500,1,577.394936420346
2023,02,17680,1,0072,1,1,1,1,202108176801007211,1,1,2, ,1,49,1,1,24,4,1973,1, , , , , , , , , , , , , , ,7111,4100,2, ,1,1,0,9,9,9,9,9,0,45,1, ,1,2, , , ,2000, , , , , , , , , , , , ,1,5,6,5, ,2,2,2,2,2,2,1,1,1, , ,2448, , , , , ,2448,2448,1,260.964033547518
2023,02,28852,1,0111,1,1,1,1,202108288521011111,1,1,2, ,1,38,1,1,8,7,1984,1, , , , , , , , , , , , , , ,8322,4923,2, ,1,1,0,8,8,8,8,8,8,48,1, ,2,2, , , ,2000, , , , , , , , , , , , ,1,6,5,3, ,2,2,2,2,2,2,1,1,1, , ,2440, , , , , ,2440,2440,1,697.910237897321
2023,02,2671402,1,0011,1,1,1,1,20230226714021001111,1,1,2, ,1,76,1,2,11,5,1946,1, , , , , , , , , , , , , , ,2634,8690,2, ,1,1,0,8,8,8,8,8,8,48,1, ,2,2, , , ,2500, , , , , , , , , , , , ,1,2,11,6, ,2,2,2,2,2,2,10,6,1, , ,2400, , , , , ,2400,2400,1,1155.24237715011
2023,02,24135,1,0023,1,1,1,1,202302241351002311,1,1,2, ,1,37,1,1,6,2,1985,1, , , , , , , , , , , , , , ,8181,2310,2, ,1,1,0,12,12,12,12,12,5,65,1, ,2,1, , , ,2400, , , , , , , , , , , , ,1,5,6,5, ,2,2,2,2,2,2,1,1,1, , ,2400, , , , , ,2400,2400,1,1355.09235587463
2023,02,2395001,1,0068,1,1,1,1,20230223950011006811,1,1,2, ,1,41,1,1,5,3,1981,1, , , , , , , , , , , , , , ,8332,4923,2, ,1,2,2,10,8,8,8,8,8,52,1, ,1,2, , , ,2400, , , , , , , , , , , , ,1,5,6,5, ,2,2,2,2,2,2,1,7,1, , ,2390, , , , , ,2390,2390,1,697.910237897321
2023,02,26272,1,0060,1,3,1,1,202211262721006015,3,1,2, ,2,44,3,1,30,8,1978,1, , , , , , , , , , , , , , ,2411,6920,2, ,1,1,0,8,6,6,6,8,0,34,1, ,1,2, , , ,2000, , , , , , , , , , , , ,1,5,11,5, ,2,2,2,2,2,2,10,7,1, , ,2380, , , , , ,2380,2380,1,819.833123930435
2023,02,2643102,1,0068,1,4,1,1,20230226431021006814,3,1,2, ,1,45,4,4,14,8,1977,1, , , , , , , , , , , , , , ,2163,7410,2, ,1,1,0,8,8,8,8,8,4,44,1, ,2,2, , , ,2500, , , , , , , , , , , , ,1,5,11,5, ,2,2,2,2,2,2,10,7,1, , ,2350, , , , , ,2350,2350,1,1252.29020158896
2023,02,25224,1,0033,1,1,1,1,202302252241003311,1,1,2, ,1,61,1,1,15,5,1961,1, , , , , , , , , , , , , , ,2611,6910,2, ,1,1,0,8,8,8,8,8,0,40,1, ,2,2, , , ,2500, , , , , , , , , , , , ,1,4,11,6, ,2,2,2,2,2,2,10,7,1, , ,2350, , , , , ,2350,2350,1,1155.24237715011
2023,02,25999,1,0142,1,1,1,1,202202259991014211,1,1,2, ,1,45,1,1,6,12,1977,1, , , , , , , , , , , , , , ,5212,4773,1, ,1,3,6,12,12,12,12,12,12,78,1, ,1,2, , , ,2335, , , , , , , , , , , , ,1,5,11,5, ,2,2,2,2,2,2,10,7,1, , ,2335, , , , , ,2335,2335,1,626.145100794479
2023,02,28474,1,0021,1,4,1,1,202302284741002114,3,1,2, ,1,29,4,4,7,8,1993,1, , , , , , , , , , , , , , ,8331,4921,1, ,1,2,16,0,0,16,16,16,16,82,1, ,1,2, , , ,2300, , ,200, , , , , , , , , ,1,5,6,5, ,2,2,2,2,2,2,10,7,1, , ,2330, , ,200, , ,2530,2330,1,1396.36742792448
2023,02,47798,1,0005,1,2,1,1,202108477981000512,2,1,2, ,1,46,2,2,29,3,1976,1, , , , , , , , , , , , , , ,7111,4100,2, ,1,1,0,9,9,9,9,9,5,50,1, ,2,2, , , ,2500, , , , , , , , , , , , ,1,5,6,5, ,2,2,2,2,2,2,1,1,1, , ,2300, , , , , ,2300,2300,1,577.394936420346
2023,02,27018,1,0039,1,2,1,1,202108270181003912,2,1,2, ,2,54,2,2,15,8,1968,1, , , , , , , , , , , , , , ,3331,7020,2, ,1,1,0,4,4,4,4,4,0,30,2,30,2,2, , , ,2000, , , , , , , , , , , , ,1,1,11,5, ,2,2,2,2,2,2,10,7,1, , ,2300, , , , , ,2300,2300,1,620.030521960844
2023,02,2658501,1,0110,1,1,1,1,20210826585011011011,1,1,2, ,1,57,1,1,21,11,1965,1, , , , , , , , , , , , , , ,5243,4791,2, ,1,1,3,4,3,4,2,5,4,25,1, ,1,2, , , ,2500, , , , , , , , , , , , ,1,6,11,5, ,2,2,2,2,2,2,10,7,1, , ,2300, , , , , ,2300,2300,1,692.177346449544
2023,02,20635,1,0104,1,1,1,1,202302206351010411,1,1,2, ,1,75,1,1,5,3,1947,1, , , , , , , , , , , , , , ,3314,4663,1, ,1,4,0,10,10,10,10,10,8,58,1, ,2,2, , , ,2500, , , , , , , , , , , , ,1,1,6,5, ,2,2,2,2,2,2,10,7,1, , ,2300, , , , , ,2300,2300,1,577.621188575054
2023,02,2546102,1,0032,1,1,1,1,20230225461021003211,1,1,2, ,1,38,1,1,19,10,1984,1, , , , , , , , , , , , , , ,9621,4923,2, ,1,1,10,0,4,4,4,4,4,30,1, ,2,2, , , ,2280, , , , , , , , , , , , ,1,5,6,5, ,2,2,2,2,2,2,10,7,1, , ,2280, , , , , ,2280,2280,1,1395.82047579464
2023,02,28708,1,0077,1,1,1,1,202302287081007711,1,1,2, ,1,37,1,1,23,6,1985,1, , , , , , , , , , , , , , ,7212,4520,1, ,1,2,0,9,9,9,9,9,9,54,1, ,2,2, , , ,2000, , , , , , , , , , , , ,1,5,6,5, ,2,2,2,2,2,2,10,7,1, , ,2280, , , , , ,2280,2280,1,1395.82047579464
2023,02,29095,1,0106,1,1,1,1,202302290951010611,1,1,2, ,1,55,1,1,26,4,1967,1, , , , , , , , , , , , , , ,8322,4922,2, ,1,1,7,9,8,9,11,10,10,64,2,48,2,2, , , ,2200, , , , , , , , , , , , ,1,5,5,3, ,2,2,2,2,2,2,10,1,1, , ,2250, , , , , ,2250,2250,1,1154.78987284069
2023,02,25836,1,0009,1,1,1,1,202202258361000911,1,1,2, ,1,39,1,1,25,10,1983,1, , , , , , , , , , , , , , ,8331,4921,1, ,1,2,0,0,0,0,16,16,0,90,2,90,1,2, , , ,2202, , , , , , , , , , , , ,1,5,6,5, ,2,2,2,2,2,2,10,7,1, , ,2202, , , , , ,2202,2202,1,836.650316891687
2023,02,25224,1,0031,1,2,1,1,202302252241003112,2,1,2, ,2,38,2,2,23,6,1984,1, , , , , , , , , , , , , , ,8322,4922,2, ,1,1,0,8,8,8,8,8,0,40,1, ,2,2, , , ,2000, , , , , , , , , , , , ,1,5,6,5, ,2,2,2,2,2,2,10,7,1, , ,2200, , , , , ,2200,2200,1,1368.29957208782
2023,02,49689,1,0008,1,1,1,1,202202496891000811,1,1,2, ,1,24,1,1,7,9,1998,1, , , , , , , , , , , , , , ,7431,9512,2, ,1,2,6,12,12,12,12,12,12,78,1, ,2,2, , , ,2000, , , , , , , , , , , , ,1,6,10,2, ,2,2,2,2,2,2,10,7,1, , ,2200, , , , , ,2200,2200,1,641.572171539357
2023,02,23157,1,0016,1,1,1,1,202302231571001611,1,1,2, ,1,55,1,1,23,7,1967,1, , , , , , , , , , , , , , ,7111,4100,1, ,1,3,7,9,9,9,0,9,9,52,1, ,2,2, , , ,2000, , , , , , , , , , , , ,1,5,6,5, ,2,2,2,2,2,2,10,5,1, , ,2200, , , , , ,2200,2200,1,1154.78987284069
2023,02,25549,1,0045,1,1,1,1,202202255491004511,1,1,2, ,2,55,1,1,22,8,1967,1, , , , , , , , , , , , , , ,2161,7110,2, ,1,1,0,0,0,6,6,6,0,18,1, ,2,2, , , ,2000, , , , , , , , , , , , ,1,1,11,5, ,2,2,2,2,2,2,10,9,1, , ,2200, , , , , ,2200,2200,1,560.880929808248
2023,02,1783201,1,0085,1,1,1,1,20220217832011008511,1,1,2, ,2,47,1,1,25,7,1975,1, , , , , , , , , , , , , , ,5212,4711,2, ,1,1,0,8,8,0,8,0,8,40,2,40,2,2, , , ,2150,600, , , , , , , , , , , ,1,5,9,3, ,2,2,2,2,2,2,10,1,1, , ,2150,600, , , , ,2750,2750,1,237.073994822158
2023,02,19885,1,0044,1,3,1,1,202302198851004413,3,1,2, ,2,21,3,3,18,10,2001,1, , , , , , , , , , , , , , ,5142,9602,2, ,1,1,5,6,0,6,6,8,8,50,2,50,2,2, , , ,2000, , , , , , , , , , , , ,1,2,10,4, ,2,2,2,2,2,2,10,7,1, , ,2141, , , , , ,2141,2141,1,1424.92948813169
2023,02,1796202,1,0048,1,1,1,1,20221117962021004811,1,1,2, ,1,56,1,1,8,5,1966,1, , , , , , , , , , , , , , ,8332,4923,2, ,1,1,1,2,0,0,0,12,8,23,1, ,2,2, , , ,2000, , , , , , , , , , , , ,1,1,5,3, ,2,2,2,2,2,2,10,7,1, , ,2134, , , , , ,2134,2134,1,260.964033547518
2023,02,28558,1,0040,1,1,1,1,202211285581004011,1,1,2, ,1,50,1,1,24,4,1972,1, , , , , , , , , , , , , , ,9629,4923,2, ,1,1,8,0,8,8,8,8,8,54,1, ,1,2, , , ,2079, ,80, , , , , , , , , , ,1,5,5,3, ,2,2,2,2,2,2,10,8,1, , ,2079, ,80, , , ,2159,2079,1,560.547347049408
2023,02,1807501,1,0020,3,1,1,1,20221118075011002031,1,1,2, ,1,32,1,1,16,3,1990,1, , , , , , , , , , , , , , ,8322,4922,2, ,1,1,8,5,8,5,5,5,8,44,1, ,2,2, , , ,1500, , , , , , , , , , , , ,1,5,8,1, ,2,2,2,2,2,2,10,7,1, , ,2070, , , , , ,2070,2070,1,314.523190557653
2023,02,25954,1,0020,1,1,1,1,202202259541002011,1,1,2, ,1,56,1,1,9,9,1966,1, , , , , , , , , , , , , , ,5212,4722,2, ,1,3,12,12,12,12,12,12,12,84,1, ,1,2, , , ,2068,50, , , , , , , , , , , ,1,5,1, , ,2,2,2,2,2,2,1,7,1, , ,2068,50, , , , ,2118,2118,1,560.547347049408
2023,02,22154,1,0125,1,3,1,1,202202221541012514,3,1,2, ,1,28,3,3,20,12,1994,1, , , , , , , , , , , , , , ,2240,7500,2, ,1,1,5,0,3,0,0,2,3,30,2,30,2,2, , , ,2000, , , , , , , , , , , , ,1,5,11,5, ,2,2,2,2,2,2,10,7,1, , ,2008, , , , , ,2008,2008,1,698.183713962241
2023,02,17623,1,0047,1,7,1,1,202211176231004717,4,1,2, ,1,33,7,6,9,9,1989,1, , , , , , , , , , , , , , ,8331,4921,1, ,1,3,10,10,10,10,10,10,10,70,1, ,2,2, , , ,2000, , , , , , , , , , , , ,1,5,8,1, ,2,2,2,2,2,2,10,7,1, , ,2000, , , , , ,2000,2000,1,315.433093100771
2023,02,2561101,1,0051,1,4,1,1,20220225611011005114,7,1,2, ,1,40,4,4,8,2,1982,1, , , , , , , , , , , , , , ,3422,8541,2, ,1,1,0,6,6,6,6,4,8,36,1, ,2,2, , , ,2000, , , , , , , , , , , , ,1,6,6,5, ,2,2,2,2,2,2,10,7,1, , ,2000, , , , , ,2000,2000,1,836.650316891687
2023,02,21047,1,0121,1,3,1,1,202211210471012113,8,1,2, ,1,23,3,3,4,1,2000,1, , , , , , , , , , , , , , ,8322,4922,2, ,1,1,0,6,6,6,6,8,8,40,1, ,2,1, , , ,1800, , , , , , , , , , , , ,1,5,10,1, ,2,2,2,2,2,2,10,7,1, , ,2000, , , , , ,2000,2000,1,716.651812072595
2023,02,47135,1,0079,1,3,1,1,202108471351007913,3,1,2, ,1,28,3,3,7,9,1994,1, , , , , , , , , , , , , , ,7352,1410,1, ,1,3,0,10,10,10,12,12,12,66,1, ,2,2, , , ,2000, , , , , , , , , , , , ,1,5,10,3, ,2,2,2,2,2,2,10,7,1, , ,2000, , , , , ,2000,2000,1,697.910237897321
2023,02,2299002,1,0067,1,2,1,1,20210822990021006712,2,1,2, ,2,49,2,2,16,6,1973,1, , , , , , , , , , , , , , ,5213,4789,1, ,1,4,9,9,9,8,9,9,9,62,1, ,2,2, , , ,2000,50, , , , , , , , , , , ,1,6,6,5, ,2,2,2,2,2,2,10,7,1, , ,2000,50, , , , ,2050,2050,1,502.120541733369
2023,02,28797,1,0035,1,2,1,1,202108287971003512,2,1,2, ,2,46,2,2,25,4,1976,1, , , , , , , , , , , , , , ,5213,4781,2, ,1,4,8,8,8,8,8,8,8,56,1, ,2,2, , , ,2000,100, , , , , , , , , , , ,1,1,6,5, ,2,2,2,2,2,2,10,7,1, , ,2000,100, , , , ,2100,2100,1,502.120541733369
2023,02,18281,1,0041,1,2,1,1,202302182811004112,2,1,2, ,1,33,2,2,11,12,1989,1, , , , , , , , , , , , , , ,3314,2511,1, ,1,5,0,8,8,10,10,10,8,54,1, ,1,2, , , ,2000, , , , , , , , , , , , ,1,1,6,5, ,2,2,2,2,2,2,10,7,1, , ,2000, , , , , ,2000,2000,1,629.046379922712
2023,02,25294,1,0293,1,2,1,1,202211252941029312,3,1,2, ,1,60,2,2,7,1,1963,1, , , , , , , , , , , , , , ,3431,7420,2, ,1,1,0,0,0,0,4,4,0,8,1, ,1,2, , , ,2000, , , , , , , , , , , , ,1,1,11,5, ,2,2,2,2,2,2,10,7,1, , ,2000, , , , , ,2000,2000,1,692.177346449544
2023,02,25549,1,0044,1,2,1,1,202202255491004412,2,1,2, ,2,39,2,2,27,12,1983,2,2,1, , , , , , , , , , , , ,3334,6810,1, ,1,2,0,0,0,0,0,0,0,12,2,12,1,1, , , , , , , , , , , , , , , , ,1,1,10,2, ,2,2,2,2,2,2,10,7,1, , ,2000, , , , , ,2000,2000,1,741.622788799972
2023,02,25294,1,0344,1,2,1,1,202211252941034412,2,1,2, ,2,47,2,2,4,2,1976,1, , , , , , , , , , , , , , ,3314,9602,1, ,1,4,0,10,10,10,10,10,10,60,1, ,2,2, , , ,2000, , , , , , , , , , , , ,1,6,10,1, ,2,2,2,2,2,2,10,7,1, , ,2000, , , , , ,2000,2000,1,620.030521960844
2023,02,20174,1,0046,2,2,1,1,202108201741004622,2,1,2, ,2,37,2,2,23,3,1985,1, , , , , , , , , , , , , , ,5212,4741,2, ,1,2,8,0,8,8,8,8,8,48,1, ,2,2, , , ,2000, , , , , , , , , , , , ,1,5,6,5, ,2,2,2,2,2,2,10,6,1, , ,2000, , , , , ,2000,2000,1,741.622788799972
2023,02,20242,1,0136,1,1,1,1,202108202421013611,1,1,2, ,1,49,1,1,20,6,1973,1, , , , , , , , , , , , , , ,8322,4923,2, ,1,1,0,5,0,6,6,6,6,29,1, ,1,2, , , ,2000, , , , , , , , , , , , ,1,5,6,5, ,2,2,2,2,2,2,10,1,1, , ,2000, , , , , ,2000,2000,1,577.621188575054
2023,02,25659,1,0101,1,1,1,1,202108256591010111,1,1,2, ,1,61,1,1,13,6,1961,1, , , , , , , , , , , , , , ,2251,8620,1, ,1,2,0,8,8,8,8,8,4,44,1, ,2,2, , , ,2000, , , , , , , , , , , , ,1,1,11,5, ,2,2,2,2,2,2,10,7,1, , ,2000, , , , , ,2000,2000,1,692.177346449544
2023,02,27695,1,0001,4,1,1,1,202205276951000141,1,1,2, ,1,27,1,1,8,7,1995,1, , , , , , , , , , , , , , ,3439,9000,1, ,1,6,0,0,1,0,0,0,8,9,1, ,1,2, , , ,2000, , , , , , , , , , , , ,1,5,10,4, ,2,2,2,2,2,2,10,8,1, , ,2000, , , , , ,2000,2000,1,756.835657345606
2023,02,2974902,1,0061,1,1,1,1,20210829749021006111,1,1,2, ,1,48,1,1,27,2,1974,1, , , , , , , , , , , , , , ,7223,2599,1, ,1,2,0,6,5,6,7,6,5,35,1, ,2,2, , , ,2165, , , , , , , , , , , , ,1,5,9,3, ,2,2,2,2,2,2,10,7,1, , ,2000, , , , , ,2000,2000,1,560.547347049408
2023,02,19213,1,0158,2,1,1,1,202211192131015821,1,1,2, ,1,25,1,1,13,7,1997,1, , , , , , , , , , , , , , ,3432,9602,2, ,1,1,9,9,0,9,9,9,9,54,1, ,2,2, , , ,2000, , , , , , , , , , , , ,1,1,6,5, ,2,2,2,2,2,2,10,7,1, , ,2000, , , , , ,2000,2000,1,697.910237897321
2023,02,1913602,1,0508,1,1,1,1,20230219136021050811,1,1,2, ,1,35,1,2,16,3,1987,1, , , , , , , , , , , , , , ,7231,4520,1, ,1,2,5,11,11,11,11,11,11,71,1, ,2,2, , , ,2000, , , , , , , , , , , , ,1,5,8,1, ,2,2,2,2,2,2,2,2,1, , ,2000, , , , , ,2000,2000,1,1673.30063259078
2023,02,2643102,1,0157,1,1,1,1,20230226431021015711,1,1,2, ,2,27,1,1,14,9,1995,1, , , , , , , , , , , , , , ,3314,4771,1, ,1,2,0,6,6,6,6,6,8,38,1, ,2,2, , , ,2000, , , , , , , , , , , , ,1,6,11,5, ,2,2,2,2,2,2,10,6,1, , ,2000, , , , , ,2000,2000,1,1483.24557759994
2023,02,28664,1,0023,1,1,1,1,202108286641002311,1,1,2, ,1,45,1,1,20,2,1978,1, , , , , , , , , , , , , , ,5211,4663,1, ,1,6,6,11,11,11,11,11,11,72,1, ,2,2, , , ,2000, , , , , , , , , , , , ,1,1,8,1, ,2,2,2,2,2,2,10,7,1, , ,2000, , , , , ,2000,2000,1,577.621188575054
2023,02,17658,1,0013,1,1,1,1,202302176581001311,1,1,2, ,1,39,1,1,3,1,1984,1, , , , , , , , , , , , , , ,3314,2599,1, ,1,9,0,8,8,8,8,8,6,46,1, ,1,2, , , , , , , , , , , , , , , , ,1,6,5,4, ,2,2,2,2,2,2,10,7,1, , ,2000, , , , , ,2000,2000,1,630.866186201542
2023,02,20174,1,0046,1,1,1,1,202108201741004611,1,1,2, ,2,39,1,1,15,11,1983,1, , , , , , , , , , , , , , ,5212,4773,2, ,1,2,0,10,10,10,10,10,10,60,1, ,1,2, , , ,2000, , , , , , , , , , , , ,1,5,9,3, ,2,2,2,2,2,2,10,6,1, , ,2000, , , , , ,2000,2000,1,741.622788799972
2023,02,2315102,1,0048,1,4,1,1,20221123151021004814,4,1,2, ,1,50,4,4,18,12,1972,1, , , , , , , , , , , , , , ,8322,4922,2, ,1,1,0,10,0,10,0,0,10,30,1, ,2,1, , , ,1800, , , , , , , , , , , , ,1,1,10,2, ,2,2,2,2,2,2,10,7,1, , ,1978, , , , , ,1978,1978,1,577.621188575054
2023,02,29025,1,0110,1,1,1,1,202302290251011011,1,1,2, ,1,54,1,2,25,1,1969,1, , , , , , , , , , , , , , ,5211,4649,2, ,1,1,0,8,8,8,8,8,5,45,1, ,2,2, , , ,2000, , , , , , , , , , , , ,1,1,6,5, ,2,2,2,2,2,2,10,7,1, , ,1970, , , , , ,1970,1970,1,1155.24237715011
2023,02,2299901,1,0131,1,4,1,1,20230222999011013115,3,1,2, ,1,28,4,4,5,8,1994,1, , , , , , , , , , , , , , ,8322,4922,2, ,1,1,0,10,10,10,10,10,10,60,1, ,2,2, , , ,2000, , , , , , , , , , , , ,1,5,10,4, ,2,2,2,2,2,2,10,8,1, , ,1965, , , , , ,1965,1965,1,1355.09235587463
2023,02,25505,1,0137,1,1,1,1,202302255051013711,1,1,2, ,1,39,1,1,1,8,1983,1, , , , , , , , , , , , , , ,8322,4922,2, ,1,1,0,10,10,10,10,10,10,60,1, ,2,2, , , ,2000, , , , , , , , , , , , ,1,5,6,5, ,2,2,2,2,2,2,10,7,1, , ,1962, , , , , ,1962,1962,1,756.835657345606
2023,02,2296302,1,0055,1,4,1,1,20210822963021005514,3,1,2, ,1,33,4,4,13,9,1989,1, , , , , , , , , , , , , , ,8331,4921,2, ,1,1,0,12,12,12,12,12,12,72,1, ,2,2, , , ,1500, , , , , , , , , , , , ,1,5,6,5, ,2,2,2,2,2,2,10,7,1, , ,1950, , , , , ,1950,1950,1,698.183713962241
2023,02,1767301,1,0026,1,2,1,1,20220217673011002612,2,1,2, ,2,31,2,2,2,3,1991,1, , , , , , , , , , , , , , ,3334,6810,2, ,1,1,0,6,6,6,6,6,2,32,1, ,2,2, , , ,1500, , , , , , , , , , , , ,1,5,8,1, ,2,2,2,2,2,2,10,7,1, , ,1950, , , , , ,1950,1950,1,309.092691279436
2023,02,28863,1,0008,1,1,1,1,202202288631000811,1,1,2, ,1,60,1,2,10,2,1962,1, , , , , , , , , , , , , , ,8322,4922,2, ,1,1,13,13,13,13,13,13,13,91,1, ,2,2, , , ,1819, , , , , , , , , , , , ,1,5,6,5, ,2,2,2,2,2,2,10,9,1, , ,1950, , , , , ,1950,1950,1,577.394936420346
2023,02,26456,1,0064,1,1,1,1,202302264561006411,1,1,2, ,2,47,1,1,99,99,1976,1, , , , , , , , , , , , , , ,5243,4791,2, ,1,1,0,7,7,7,7,7,5,40,1, ,2,2, , , ,2000,200, , , , , , , , , , , ,1,2,11,5, ,2,2,2,2,2,2,10,6,1, , ,1950,200, , , , ,2150,2150,1,560.880929808248
2023,02,28646,1,0107,1,1,1,1,202211286461010711,1,1,2, ,1,51,1,1,3,1,1972,1, , , , , , , , , , , , , , ,7111,4100,2, ,1,1,0,8,8,8,8,8,0,40,1, ,1,2, , , ,1800, , , , , , , , , , , , ,1,5,6,5, ,2,2,2,2,2,2,10,8,1, , ,1949, , , , , ,1949,1949,1,577.394936420346
2023,02,25953,1,0168,1,1,1,1,202211259531016811,1,1,2, ,1,62,1,1,29,8,1960,1, , , , , , , , , , , , , , ,5212,4711,2, ,1,1,9,11,11,11,11,11,11,75,1, ,2,2, , , ,2500,606, , , , , , , , , , , ,1,5,6,5, ,2,2,2,2,2,2,10,8,1, , ,1943,600, , , , ,2543,2543,1,577.394936420346
2023,02,18677,1,0001,1,1,1,1,202302186771000111,1,1,2, ,1,33,1,1,19,8,1989,1, , , , , , , , , , , , , , ,7111,4100,2, ,1,1,0,8,8,8,8,8,8,48,1, ,1,1, , , ,1800, , , , , , , , , , , , ,1,5,5,2, ,2,2,2,2,2,2,10,9,1, , ,1943, , , , , ,1943,1943,1,1395.82047579464
2023,02,17446,1,0020,1,4,1,1,202108174461002014,3,1,2, ,2,43,4,4,17,1,1980,1, , , , , , , , , , , , , , ,5212,4772,1, ,1,2,0,8,8,8,8,8,0,40,1, ,2,2, , , ,1928, , , , , , , , , , , , ,1,5,11,5, ,2,2,2,2,2,2,10,7,1, , ,1928, , , , , ,1928,1928,1,329.675873076029
2023,02,18196,1,0016,1,2,1,1,202211181961001612,3,1,2, ,2,40,2,2,12,9,1982,1, , , , , , , , , , , , , , ,3221,8690,2, ,1,1,0,12,12,12,12,12,12,72,1, ,2,2, , , ,1900, , , , , , , , , , , , ,1,6,9,3, ,2,2,2,2,2,2,10,7,1, , ,1900, , , , , ,1900,1900,1,329.675873076029
2023,02,18226,1,0003,1,1,1,1,202302182261000311,1,1,2, ,1,30,1,1,11,3,1992,1, , , , , , , , , , , , , , ,8322,4922,2, ,1,1,0,10,10,10,10,10,0,50,1, ,1,2, , , ,1900, , , , , , , , , , , , ,1,5,6,5, ,2,2,2,2,2,2,10,1,1, , ,1900, , , , , ,1900,1900,1,672.876993206261
2023,02,28398,1,0081,1,1,1,1,202211283981008111,1,1,2, ,1,56,1,1,14,11,1966,1, , , , , , , , , , , , , , ,8322,4922,2, ,1,1,0,10,10,10,10,10,10,60,1, ,2,2, , , ,1500, , , , , , , , , , , , ,1,5,5,3, ,2,2,2,2,2,2,1,1,1, , ,1866, , , , , ,1866,1866,1,577.621188575054
